{
  "mocha": {
    "name": "Mocha",
    "emoji": "🌿",
    "order": 3,
    "dark": true,
    "colors": {
      "rosewater": {
        "name": "Rosewater",
        "order": 0,
        "hex": "#f2d5cf",
        "rgb": {
          "r": 242,
          "g": 213,
          "b": 207
        },
        "hsl": {
          "h": 10.285714285714302,
          "s": 0.5737704918032784,
          "l": 0.8803921568627451
        },
        "accent": true
      },
      "flamingo": {
        "name": "Flamingo",
        "order": 1,
        "hex": "#dcafa6",
        "rgb": {
          "r": 220,
          "g": 175,
          "b": 166
        },
        "hsl": {
          "h": 9.999999999999998,
          "s": 0.43548387096774205,
          "l": 0.7568627450980392
        },
        "accent": true
      },
      "pink": {
        "name": "Pink",
        "order": 2,
        "hex": "#e5b8c3",
        "rgb": {
          "r": 229,
          "g": 184,
          "b": 195
        },
        "hsl": {
          "h": 345.3333333333333,
          "s": 0.4639175257731959,
          "l": 0.8098039215686275
        },
        "accent": true
      },
      "mauve": {
        "name": "Mauve",
        "order": 3,
        "hex": "#7363aa",
        "rgb": {
          "r": 115,
          "g": 99,
          "b": 170
        },
        "hsl": {
          "h": 253.52112676056336,
          "s": 0.2946058091286306,
          "l": 0.5274509803921569
        },
        "accent": true
      },
      "red": {
        "name": "Red",
        "order": 4,
        "hex": "#d78579",
        "rgb": {
          "r": 215,
          "g": 133,
          "b": 121
        },
        "hsl": {
          "h": 7.659574468085117,
          "s": 0.5402298850574714,
          "l": 0.6588235294117647
        },
        "accent": true
      },
      "maroon": {
        "name": "Maroon",
        "order": 5,
        "hex": "#a06e5c",
        "rgb": {
          "r": 160,
          "g": 110,
          "b": 92
        },
        "hsl": {
          "h": 15.882352941176475,
          "s": 0.2698412698412698,
          "l": 0.49411764705882355
        },
        "accent": true
      },
      "peach": {
        "name": "Peach",
        "order": 6,
        "hex": "#e5b484",
        "rgb": {
          "r": 229,
          "g": 180,
          "b": 132
        },
        "hsl": {
          "h": 29.690721649484537,
          "s": 0.6510067114093959,
          "l": 0.707843137254902
        },
        "accent": true
      },
      "yellow": {
        "name": "Yellow",
        "order": 7,
        "hex": "#e5c76b",
        "rgb": {
          "r": 229,
          "g": 199,
          "b": 107
        },
        "hsl": {
          "h": 45.24590163934426,
          "s": 0.7011494252873564,
          "l": 0.6588235294117647
        },
        "accent": true
      },
      "green": {
        "name": "Green",
        "order": 8,
        "hex": "#88b39a",
        "rgb": {
          "r": 136,
          "g": 179,
          "b": 154
        },
        "hsl": {
          "h": 145.11627906976744,
          "s": 0.22051282051282045,
          "l": 0.6176470588235294
        },
        "accent": true
      },
      "teal": {
        "name": "Teal",
        "order": 9,
        "hex": "#88c1b7",
        "rgb": {
          "r": 136,
          "g": 193,
          "b": 183
        },
        "hsl": {
          "h": 169.47368421052633,
          "s": 0.3149171270718232,
          "l": 0.6450980392156862
        },
        "accent": true
      },
      "sky": {
        "name": "Sky",
        "order": 10,
        "hex": "#a6c2d6",
        "rgb": {
          "r": 166,
          "g": 194,
          "b": 214
        },
        "hsl": {
          "h": 205.00000000000003,
          "s": 0.3692307692307693,
          "l": 0.7450980392156863
        },
        "accent": true
      },
      "sapphire": {
        "name": "Sapphire",
        "order": 11,
        "hex": "#5583c1",
        "rgb": {
          "r": 85,
          "g": 131,
          "b": 193
        },
        "hsl": {
          "h": 214.44444444444449,
          "s": 0.4655172413793103,
          "l": 0.5450980392156862
        },
        "accent": true
      },
      "blue": {
        "name": "Blue",
        "order": 12,
        "hex": "#84a0c6",
        "rgb": {
          "r": 132,
          "g": 160,
          "b": 198
        },
        "hsl": {
          "h": 214.54545454545456,
          "s": 0.3666666666666666,
          "l": 0.6470588235294118
        },
        "accent": true
      },
      "lavender": {
        "name": "Lavender",
        "order": 13,
        "hex": "#8d9ad5",
        "rgb": {
          "r": 141,
          "g": 154,
          "b": 213
        },
        "hsl": {
          "h": 229.16666666666666,
          "s": 0.4615384615384617,
          "l": 0.6941176470588235
        },
        "accent": true
      },
      "text": {
        "name": "Text",
        "order": 14,
        "hex": "#fbfaf9",
        "rgb": {
          "r": 251,
          "g": 250,
          "b": 249
        },
        "hsl": {
          "h": 30.0,
          "s": 0.19999999999999943,
          "l": 0.9803921568627451
        },
        "accent": false
      },
      "subtext0": {
        "name": "Subtext 0",
        "order": 16,
        "hex": "#daccbf",
        "rgb": {
          "r": 218,
          "g": 204,
          "b": 191
        },
        "hsl": {
          "h": 28.88888888888892,
          "s": 0.2673267326732673,
          "l": 0.8019607843137255
        },
        "accent": false
      },
      "subtext1": {
        "name": "Subtext 1",
        "order": 15,
        "hex": "#e9e3dc",
        "rgb": {
          "r": 233,
          "g": 227,
          "b": 220
        },
        "hsl": {
          "h": 32.307692307692236,
          "s": 0.2280701754385961,
          "l": 0.888235294117647
        },
        "accent": false
      },
      "base": {
        "name": "Base",
        "order": 23,
        "hex": "#212136",
        "rgb": {
          "r": 33,
          "g": 33,
          "b": 54
        },
        "hsl": {
          "h": 240.0,
          "s": 0.24137931034482754,
          "l": 0.17058823529411765
        },
        "accent": false
      },
      "mantle": {
        "name": "Mantle",
        "order": 24,
        "hex": "#171725",
        "rgb": {
          "r": 23,
          "g": 23,
          "b": 37
        },
        "hsl": {
          "h": 240.0,
          "s": 0.2333333333333334,
          "l": 0.11764705882352941
        },
        "accent": false
      },
      "crust": {
        "name": "Crust",
        "order": 25,
        "hex": "#11111c",
        "rgb": {
          "r": 17,
          "g": 17,
          "b": 28
        },
        "hsl": {
          "h": 240.0,
          "s": 0.24444444444444446,
          "l": 0.08823529411764705
        },
        "accent": false
      },
      "surface0": {
        "name": "Surface 0",
        "order": 22,
        "hex": "#2c2c48",
        "rgb": {
          "r": 44,
          "g": 44,
          "b": 72
        },
        "hsl": {
          "h": 240.0,
          "s": 0.2413793103448276,
          "l": 0.22745098039215686
        },
        "accent": false
      },
      "surface1": {
        "name": "Surface 1",
        "order": 21,
        "hex": "#3b3b62",
        "rgb": {
          "r": 59,
          "g": 59,
          "b": 98
        },
        "hsl": {
          "h": 240.0,
          "s": 0.2484076433121019,
          "l": 0.307843137254902
        },
        "accent": false
      },
      "surface2": {
        "name": "Surface 2",
        "order": 20,
        "hex": "#4b4b7b",
        "rgb": {
          "r": 75,
          "g": 75,
          "b": 123
        },
        "hsl": {
          "h": 240.0,
          "s": 0.2424242424242424,
          "l": 0.38823529411764707
        },
        "accent": false
      },
      "overlay0": {
        "name": "Overlay 0",
        "order": 19,
        "hex": "#5a5a94",
        "rgb": {
          "r": 90,