{
  "latte": {
    "name": "Latte",
    "emoji": "🌻",
    "order": 0,
    "dark": false,
    "colors": {
      "rosewater": {
        "name": "Rosewater",
        "order": 0,
        "hex": "#b58f8f",
        "rgb": {
          "r": 181,
          "g": 143,
          "b": 143
        },
        "hsl": {
          "h": 0.0,
          "s": 0.20430107526881727,
          "l": 0.6352941176470588
        },
        "accent": true
      },
      "flamingo": {
        "name": "Flamingo",
        "order": 1,
        "hex": "#c28483",
        "rgb": {
          "r": 194,
          "g": 132,
          "b": 131
        },
        "hsl": {
          "h": 0.9523809523809756,
          "s": 0.3405405405405405,
          "l": 0.6372549019607843
        },
        "accent": true
      },
      "pink": {
        "name": "Pink",
        "order": 2,
        "hex": "#c180a9",
        "rgb": {
          "r": 193,
          "g": 128,
          "b": 169
        },
        "hsl": {
          "h": 322.1538461538462,
          "s": 0.3439153439153439,
          "l": 0.6294117647058823
        },
        "accent": true
      },
      "mauve": {
        "name": "Mauve",
        "order": 3,
        "hex": "#aa84da",
        "rgb": {
          "r": 170,
          "g": 132,
          "b": 218
        },
        "hsl": {
          "h": 266.51162790697674,
          "s": 0.5375,
          "l": 0.6862745098039216
        },
        "accent": true
      },
      "red": {
        "name": "Red",
        "order": 4,
        "hex": "#d35b5b",
        "rgb": {
          "r": 211,
          "g": 91,
          "b": 91
        },
        "hsl": {
          "h": 0.0,
          "s": 0.5769230769230769,
          "l": 0.592156862745098
        },
        "accent": true
      },
      "maroon": {
        "name": "Maroon",
        "order": 5,
        "hex": "#b24444",
        "rgb": {
          "r": 178,
          "g": 68,
          "b": 68
        },
        "hsl": {
          "h": 0.0,
          "s": 0.44715447154471544,
          "l": 0.48235294117647054
        },
        "accent": true
      },
      "peach": {
        "name": "Peach",
        "order": 6,
        "hex": "#c38e66",
        "rgb": {
          "r": 195,
          "g": 142,
          "b": 102
        },
        "hsl": {
          "h": 25.80645161290323,
          "s": 0.4366197183098591,
          "l": 0.5823529411764705
        },
        "accent": true
      },
      "yellow": {
        "name": "Yellow",
        "order": 7,
        "hex": "#9c9e2f",
        "rgb": {
          "r": 156,
          "g": 158,
          "b": 47
        },
        "hsl": {
          "h": 61.081081081081074,
          "s": 0.5414634146341464,
          "l": 0.4019607843137255
        },
        "accent": true
      },
      "green": {
        "name": "Green",
        "order": 8,
        "hex": "#77a05e",
        "rgb": {
          "r": 119,
          "g": 160,
          "b": 94
        },
        "hsl": {
          "h": 97.27272727272727,
          "s": 0.25984251968503935,
          "l": 0.4980392156862745
        },
        "accent": true
      },
      "teal": {
        "name": "Teal",
        "order": 9,
        "hex": "#4aa99e",
        "rgb": {
          "r": 74,
          "g": 169,
          "b": 158
        },
        "hsl": {
          "h": 173.05263157894737,
          "s": 0.39094650205761317,
          "l": 0.4764705882352941
        },
        "accent": true
      },
      "sky": {
        "name": "Sky",
        "order": 10,
        "hex": "#5d9db8",
        "rgb": {
          "r": 93,
          "g": 157,
          "b": 184
        },
        "hsl": {
          "h": 197.80219780219778,
          "s": 0.39055793991416315,
          "l": 0.5431372549019607
        },
        "accent": true
      },
      "sapphire": {
        "name": "Sapphire",
        "order": 11,
        "hex": "#359fbd",
        "rgb": {
          "r": 53,
          "g": 159,
          "b": 189
        },
        "hsl": {
          "h": 193.23529411764704,
          "s": 0.5619834710743801,
          "l": 0.47450980392156866
        },
        "accent": true
      },
      "blue": {
        "name": "Blue",
        "order": 12,
        "hex": "#4f83e3",
        "rgb": {
          "r": 79,
          "g": 131,
          "b": 227
        },
        "hsl": {
          "h": 218.91891891891896,
          "s": 0.7254901960784312,
          "l": 0.6
        },
        "accent": true
      },
      "lavender": {
        "name": "Lavender",
        "order": 13,
        "hex": "#8d91e5",
        "rgb": {
          "r": 141,
          "g": 145,
          "b": 229
        },
        "hsl": {
          "h": 237.2727272727273,
          "s": 0.6285714285714286,
          "l": 0.7254901960784315
        },
        "accent": true
      },
      "text": {
        "name": "Text",
        "order": 14,
        "hex": "#4c4b50",
        "rgb": {
          "r": 76,
          "g": 75,
          "b": 80
        },
        "hsl": {
          "h": 251.99999999999994,
          "s": 0.032258064516129004,
          "l": 0.303921568627451
        },
        "accent": false
      },
      "subtext0": {
        "name": "Subtext 0",
        "order": 16,
        "hex": "#6c6b6c",
        "rgb": {
          "r": 108,
          "g": 107,
          "b": 108
        },
        "hsl": {
          "h": 300.0,
          "s": 0.004651162790697658,
          "l": 0.4215686274509804
        },
        "accent": false
      },
      "subtext1": {
        "name": "Subtext 1",
        "order": 15,
        "hex": "#5c5b5e",
        "rgb": {
          "r": 92,
          "g": 91,
          "b": 94
        },
        "hsl": {
          "h": 259.99999999999994,
          "s": 0.016216216216216234,
          "l": 0.36274509803921573
        },
        "accent": false
      },
      "base": {
        "name": "Base",
        "order": 23,
        "hex": "#f5f4e5",
        "rgb": {
          "r": 245,
          "g": 244,
          "b": 229
        },
        "hsl": {
          "h": 56.25000000000001,
          "s": 0.444444444444445,
          "l": 0.9294117647058824
        },
        "accent": false
      },
      "mantle": {
        "name": "Mantle",
        "order": 24,
        "hex": "#ececdf",
        "rgb": {
          "r": 236,
          "g": 236,
          "b": 223
        },
        "hsl": {
          "h": 60.0,
          "s": 0.254901960784314,
          "l": 0.9
        },
        "accent": false
      },
      "crust": {
        "name": "Crust",
        "order": 25,
        "hex": "#e2e3d8",
        "rgb": {
          "r": 226,
          "g": 227,
          "b": 216
        },
        "hsl": {
          "h": 65.45454545454545,
          "s": 0.16417910447761175,
          "l": 0.8686274509803922
        },
        "accent": false
      },
      "surface0": {
        "name": "Surface 0",
        "order": 22,
        "hex": "#d2d3ca",
        "rgb": {
          "r": 210,
          "g": 211,
          "b": 202
        },
        "hsl": {
          "h": 66.66666666666664,
          "s": 0.09278350515463911,
          "l": 0.8098039215686275
        },
        "accent": false
      },
      "surface1": {
        "name": "Surface 1",
        "order": 21,
        "hex": "#c2c3bc",
        "rgb": {
          "r": 194,
          "g": 195,
          "b": 188
        },
        "hsl": {
          "h": 68.57142857142857,
          "s": 0.05511811023622028,
          "l": 0.7509803921568627
        },
        "accent": false
      },
      "surface2": {
        "name": "Surface 2",
        "order": 20,
        "hex": "#b2b3ae",
        "rgb": {
          "r": 178,
          "g": 179,
          "b": 174
        },
        "hsl": {
          "h": 72.00000000000001,
          "s": 0.031847133757961665,
          "l": 0.692156862745098
        },
        "accent": false
      },
      "overlay0": {
        "name": "Overlay 0",
        "order": 19,
        "hex": "#a2a3a0",
        "rgb": {
          "r": 162,
          "g": 163,