{
  "latte": {
    "name": "Latte",
    "displayName": "myrtle_(bustling_festival)_(arknights)",
    "emoji": "🌻",
    "order": 0,
    "dark": false,
    "colors": {
      "rosewater": {
        "name": "Rosewater",
        "order": 0,
        "hex": "#d0755b",
        "rgb": {
          "r": 208,
          "g": 117,
          "b": 91
        },
        "hsl": {
          "h": 13.333333333333332,
          "s": 0.5545023696682465,
          "l": 0.5862745098039216
        },
        "accent": true
      },
      "flamingo": {
        "name": "Flamingo",
        "order": 1,
        "hex": "#f15c5c",
        "rgb": {
          "r": 241,
          "g": 92,
          "b": 92
        },
        "hsl": {
          "h": 0.0,
          "s": 0.8418079096045197,
          "l": 0.6529411764705882
        },
        "accent": true
      },
      "pink": {
        "name": "Pink",
        "order": 2,
        "hex": "#ca757d",
        "rgb": {
          "r": 202,
          "g": 117,
          "b": 125
        },
        "hsl": {
          "h": 354.3529411764706,
          "s": 0.44502617801047106,
          "l": 0.6254901960784314
        },
        "accent": true
      },
      "mauve": {
        "name": "Mauve",
        "order": 3,
        "hex": "#b85ea1",
        "rgb": {
          "r": 184,
          "g": 94,
          "b": 161
        },
        "hsl": {
          "h": 315.3333333333333,
          "s": 0.3879310344827586,
          "l": 0.5450980392156863
        },
        "accent": true
      },
      "red": {
        "name": "Red",
        "order": 4,
        "hex": "#e75454",
        "rgb": {
          "r": 231,
          "g": 84,
          "b": 84
        },
        "hsl": {
          "h": 0.0,
          "s": 0.7538461538461536,
          "l": 0.6176470588235294
        },
        "accent": true
      },
      "maroon": {
        "name": "Maroon",
        "order": 5,
        "hex": "#be4f48",
        "rgb": {
          "r": 190,
          "g": 79,
          "b": 72
        },
        "hsl": {
          "h": 3.559322033898309,
          "s": 0.47580645161290325,
          "l": 0.5137254901960784
        },
        "accent": true
      },
      "peach": {
        "name": "Peach",
        "order": 6,
        "hex": "#fe4f06",
        "rgb": {
          "r": 254,
          "g": 79,
          "b": 6
        },
        "hsl": {
          "h": 17.66129032258064,
          "s": 0.992,
          "l": 0.5098039215686274
        },
        "accent": true
      },
      "yellow": {
        "name": "Yellow",
        "order": 7,
        "hex": "#bf8037",
        "rgb": {
          "r": 191,
          "g": 128,
          "b": 55
        },
        "hsl": {
          "h": 32.205882352941174,
          "s": 0.5528455284552846,
          "l": 0.4823529411764706
        },
        "accent": true
      },
      "green": {
        "name": "Green",
        "order": 8,
        "hex": "#329f6b",
        "rgb": {
          "r": 50,
          "g": 159,
          "b": 107
        },
        "hsl": {
          "h": 151.37614678899084,
          "s": 0.521531100478469,
          "l": 0.40980392156862744
        },
        "accent": true
      },
      "teal": {
        "name": "Teal",
        "order": 9,
        "hex": "#4f9a91",
        "rgb": {
          "r": 79,
          "g": 154,
          "b": 145
        },
        "hsl": {
          "h": 172.79999999999998,
          "s": 0.32188841201716734,
          "l": 0.4568627450980392
        },
        "accent": true
      },
      "sky": {
        "name": "Sky",
        "order": 10,
        "hex": "#7991a7",
        "rgb": {
          "r": 121,
          "g": 145,
          "b": 167
        },
        "hsl": {
          "h": 208.69565217391306,
          "s": 0.2072072072072072,
          "l": 0.5647058823529412
        },
        "accent": true
      },
      "sapphire": {
        "name": "Sapphire",
        "order": 11,
        "hex": "#356593",
        "rgb": {
          "r": 53,
          "g": 101,
          "b": 147
        },
        "hsl": {
          "h": 209.36170212765958,
          "s": 0.4699999999999999,
          "l": 0.39215686274509803
        },
        "accent": true
      },
      "blue": {
        "name": "Blue",
        "order": 12,
        "hex": "#497fb2",
        "rgb": {
          "r": 73,
          "g": 127,
          "b": 178
        },
        "hsl": {
          "h": 209.14285714285717,
          "s": 0.41832669322709165,
          "l": 0.492156862745098
        },
        "accent": true
      },
      "lavender": {
        "name": "Lavender",
        "order": 13,
        "hex": "#a97ebc",
        "rgb": {
          "r": 169,
          "g": 126,
          "b": 188
        },
        "hsl": {
          "h": 281.61290322580646,
          "s": 0.31632653061224497,
          "l": 0.615686274509804
        },
        "accent": true
      },
      "text": {
        "name": "Text",
        "order": 14,
        "hex": "#5a4540",
        "rgb": {
          "r": 90,
          "g": 69,
          "b": 64
        },
        "hsl": {
          "h": 11.538461538461524,
          "s": 0.16883116883116886,
          "l": 0.3019607843137255
        },
        "accent": false
      },
      "subtext0": {
        "name": "Subtext 0",
        "order": 16,
        "hex": "#7a5d56",
        "rgb": {
          "r": 122,
          "g": 93,
          "b": 86
        },
        "hsl": {
          "h": 11.666666666666652,
          "s": 0.17307692307692307,
          "l": 0.40784313725490196
        },
        "accent": false
      },
      "subtext1": {
        "name": "Subtext 1",
        "order": 15,
        "hex": "#6b524c",
        "rgb": {
          "r": 107,
          "g": 82,
          "b": 76
        },
        "hsl": {
          "h": 11.61290322580646,
          "s": 0.16939890710382516,
          "l": 0.3588235294117647
        },
        "accent": false
      },
      "base": {
        "name": "Base",
        "order": 23,
        "hex": "#d3e5e1",
        "rgb": {
          "r": 211,
          "g": 229,
          "b": 225
        },
        "hsl": {
          "h": 166.66666666666663,
          "s": 0.25714285714285734,
          "l": 0.8627450980392157
        },
        "accent": false
      },
      "mantle": {
        "name": "Mantle",
        "order": 24,
        "hex": "#cadfda",
        "rgb": {
          "r": 202,
          "g": 223,
          "b": 218
        },
        "hsl": {
          "h": 165.7142857142857,
          "s": 0.24705882352941186,
          "l": 0.8333333333333333
        },
        "accent": false
      },
      "crust": {
        "name": "Crust",
        "order": 25,
        "hex": "#c0d9d3",
        "rgb": {
          "r": 192,
          "g": 217,
          "b": 211
        },
        "hsl": {
          "h": 165.6,
          "s": 0.24752475247524752,
          "l": 0.8019607843137255
        },
        "accent": false
      },
      "surface0": {
        "name": "Surface 0",
        "order": 22,
        "hex": "#adcdc6",
        "rgb": {
          "r": 173,
          "g": 205,
          "b": 198
        },
        "hsl": {
          "h": 166.875,
          "s": 0.24242424242424246,
          "l": 0.7411764705882353
        },
        "accent": false
      },
      "surface1": {
        "name": "Surface 1",
        "order": 21,
        "hex": "#9ac2b9",
        "rgb": {
          "r": 154,
          "g": 194,
          "b": 185
        },
        "hsl": {
          "h": 166.5,
          "s": 0.24691358024691354,
          "l": 0.6823529411764706
        },
        "accent": false
      },
      "surface2": {
        "name": "Surface 2",
        "order": 20,
        "hex": "#87b6ab",
        "rgb": {
          "r": 135,
          "g": 182,
          "b": 171
        },
        "hsl": {
          "h": 165.9574468085106,
          "s": 0.24352331606217623,
          "l": 0.6215686274509804
        },
        "accent": false
      },
      "overlay0": {
        "name": "Overlay 0",