{
  "latte": {
    "name": "Latte",
    "emoji": "🌻",
    "order": 0,
    "dark": false,
    "colors": {
      "rosewater": {
        "name": "Rosewater",
        "order": 0,
        "hex": "#cf6d4f",
        "rgb": {
          "r": 207,
          "g": 109,
          "b": 79
        },
        "hsl": {
          "h": 14.0625,
          "s": 0.5714285714285714,
          "l": 0.5607843137254902
        },
        "accent": true
      },
      "flamingo": {
        "name": "Flamingo",
        "order": 1,
        "hex": "#d27051",
        "rgb": {
          "r": 210,
          "g": 112,
          "b": 81
        },
        "hsl": {
          "h": 14.41860465116279,
          "s": 0.5890410958904109,
          "l": 0.5705882352941176
        },
        "accent": true
      },
      "pink": {
        "name": "Pink",
        "order": 2,
        "hex": "#b87f53",
        "rgb": {
          "r": 184,
          "g": 127,
          "b": 83
        },
        "hsl": {
          "h": 26.13861386138614,
          "s": 0.4156378600823045,
          "l": 0.5235294117647059
        },
        "accent": true
      },
      "mauve": {
        "name": "Mauve",
        "order": 3,
        "hex": "#6c699f",
        "rgb": {
          "r": 108,
          "g": 105,
          "b": 159
        },
        "hsl": {
          "h": 243.33333333333334,
          "s": 0.21951219512195125,
          "l": 0.5176470588235293
        },
        "accent": true
      },
      "red": {
        "name": "Red",
        "order": 4,
        "hex": "#dc634d",
        "rgb": {
          "r": 220,
          "g": 99,
          "b": 77
        },
        "hsl": {
          "h": 9.230769230769225,
          "s": 0.6713615023474179,
          "l": 0.5823529411764706
        },
        "accent": true
      },
      "maroon": {
        "name": "Maroon",
        "order": 5,
        "hex": "#b04f4a",
        "rgb": {
          "r": 176,
          "g": 79,
          "b": 74
        },
        "hsl": {
          "h": 2.9411764705882315,
          "s": 0.4079999999999999,
          "l": 0.4901960784313726
        },
        "accent": true
      },
      "peach": {
        "name": "Peach",
        "order": 6,
        "hex": "#d1732f",
        "rgb": {
          "r": 209,
          "g": 115,
          "b": 47
        },
        "hsl": {
          "h": 25.185185185185187,
          "s": 0.6377952755905512,
          "l": 0.5019607843137255
        },
        "accent": true
      },
      "yellow": {
        "name": "Yellow",
        "order": 7,
        "hex": "#b3821f",
        "rgb": {
          "r": 179,
          "g": 130,
          "b": 31
        },
        "hsl": {
          "h": 40.13513513513513,
          "s": 0.7047619047619047,
          "l": 0.4117647058823529
        },
        "accent": true
      },
      "green": {
        "name": "Green",
        "order": 8,
        "hex": "#469b60",
        "rgb": {
          "r": 70,
          "g": 155,
          "b": 96
        },
        "hsl": {
          "h": 138.35294117647058,
          "s": 0.3777777777777777,
          "l": 0.4411764705882353
        },
        "accent": true
      },
      "teal": {
        "name": "Teal",
        "order": 9,
        "hex": "#5a9591",
        "rgb": {
          "r": 90,
          "g": 149,
          "b": 145
        },
        "hsl": {
          "h": 175.93220338983048,
          "s": 0.24686192468619247,
          "l": 0.46862745098039216
        },
        "accent": true
      },
      "sky": {
        "name": "Sky",
        "order": 10,
        "hex": "#7d8da2",
        "rgb": {
          "r": 125,
          "g": 141,
          "b": 162
        },
        "hsl": {
          "h": 214.05405405405398,
          "s": 0.16591928251121074,
          "l": 0.5627450980392157
        },
        "accent": true
      },
      "sapphire": {
        "name": "Sapphire",
        "order": 11,
        "hex": "#4c6c94",
        "rgb": {
          "r": 76,
          "g": 108,
          "b": 148
        },
        "hsl": {
          "h": 213.33333333333331,
          "s": 0.3214285714285715,
          "l": 0.4392156862745098
        },
        "accent": true
      },
      "blue": {
        "name": "Blue",
        "order": 12,
        "hex": "#5e81ac",
        "rgb": {
          "r": 94,
          "g": 129,
          "b": 172
        },
        "hsl": {
          "h": 213.07692307692307,
          "s": 0.319672131147541,
          "l": 0.5215686274509804
        },
        "accent": true
      },
      "lavender": {
        "name": "Lavender",
        "order": 13,
        "hex": "#7c79a9",
        "rgb": {
          "r": 124,
          "g": 121,
          "b": 169
        },
        "hsl": {
          "h": 243.75,
          "s": 0.21818181818181814,
          "l": 0.5686274509803921
        },
        "accent": true
      },
      "text": {
        "name": "Text",
        "order": 14,
        "hex": "#3b4251",
        "rgb": {
          "r": 59,
          "g": 66,
          "b": 81
        },
        "hsl": {
          "h": 220.9090909090909,
          "s": 0.15714285714285708,
          "l": 0.27450980392156865
        },
        "accent": false
      },
      "subtext0": {
        "name": "Subtext 0",
        "order": 16,
        "hex": "#5a616f",
        "rgb": {
          "r": 90,
          "g": 97,
          "b": 111
        },
        "hsl": {
          "h": 220.00000000000003,
          "s": 0.10447761194029848,
          "l": 0.3941176470588236
        },
        "accent": false
      },
      "subtext1": {
        "name": "Subtext 1",
        "order": 15,
        "hex": "#4a5161",
        "rgb": {
          "r": 74,
          "g": 81,
          "b": 97
        },
        "hsl": {
          "h": 221.73913043478262,
          "s": 0.13450292397660812,
          "l": 0.33529411764705885
        },
        "accent": false
      },
      "base": {
        "name": "Base",
        "order": 23,
        "hex": "#d8dee8",
        "rgb": {
          "r": 216,
          "g": 222,
          "b": 232
        },
        "hsl": {
          "h": 217.5,
          "s": 0.2580645161290321,
          "l": 0.8784313725490196
        },
        "accent": false
      },
      "mantle": {
        "name": "Mantle",
        "order": 24,
        "hex": "#ced5e3",
        "rgb": {
          "r": 206,
          "g": 213,
          "b": 227
        },
        "hsl": {
          "h": 219.99999999999997,
          "s": 0.2727272727272725,
          "l": 0.8490196078431372
        },
        "accent": false
      },
      "crust": {
        "name": "Crust",
        "order": 25,
        "hex": "#c5cddd",
        "rgb": {
          "r": 197,
          "g": 205,
          "b": 221
        },
        "hsl": {
          "h": 220.00000000000003,
          "s": 0.26086956521739135,
          "l": 0.8196078431372549
        },
        "accent": false
      },
      "surface0": {
        "name": "Surface 0",
        "order": 22,
        "hex": "#b5bcce",
        "rgb": {
          "r": 181,
          "g": 188,
          "b": 206
        },
        "hsl": {
          "h": 223.2,
          "s": 0.2032520325203252,
          "l": 0.7588235294117647
        },
        "accent": false
      },
      "surface1": {
        "name": "Surface 1",
        "order": 21,
        "hex": "#a4abc1",
        "rgb": {
          "r": 164,
          "g": 171,
          "b": 193
        },
        "hsl": {
          "h": 225.5172413793104,
          "s": 0.1895424836601306,
          "l": 0.7
        },
        "accent": false
      },
      "surface2": {
        "name": "Surface 2",
        "order": 20,
        "hex": "#939bb2",
        "rgb": {
          "r": 147,
          "g": 155,
          "b": 178
        },
        "hsl": {
          "h": 224.51612903225808,
          "s": 0.16756756756756758,
          "l": 0.6372549019607843
        },
        "accent": false
      },
      "overlay0": {
        "name": "Overlay 0",
        "order": 19,
        "hex": "#838aa4",