{
  "mocha": {
    "name": "Mocha",
    "displayName": "mon3tr_(arknights)",
    "emoji": "🌿",
    "order": 3,
    "dark": true,
    "colors": {
      "rosewater": {
        "name": "Rosewater",
        "order": 0,
        "hex": "#f5e5e0",
        "rgb": {
          "r": 245,
          "g": 229,
          "b": 224
        },
        "hsl": {
          "h": 14.285714285714308,
          "s": 0.5121951219512202,
          "l": 0.919607843137255
        },
        "accent": true
      },
      "flamingo": {
        "name": "Flamingo",
        "order": 1,
        "hex": "#f2c9c0",
        "rgb": {
          "r": 242,
          "g": 201,
          "b": 192
        },
        "hsl": {
          "h": 10.799999999999995,
          "s": 0.6578947368421051,
          "l": 0.8509803921568627
        },
        "accent": true
      },
      "pink": {
        "name": "Pink",
        "order": 2,
        "hex": "#ffb0c9",
        "rgb": {
          "r": 255,
          "g": 176,
          "b": 201
        },
        "hsl": {
          "h": 341.0126582278481,
          "s": 1.0,
          "l": 0.8450980392156863
        },
        "accent": true
      },
      "mauve": {
        "name": "Mauve",
        "order": 3,
        "hex": "#b8a4ff",
        "rgb": {
          "r": 184,
          "g": 164,
          "b": 255
        },
        "hsl": {
          "h": 253.1868131868132,
          "s": 1.0,
          "l": 0.8215686274509804
        },
        "accent": true
      },
      "red": {
        "name": "Red",
        "order": 4,
        "hex": "#ff442e",
        "rgb": {
          "r": 255,
          "g": 68,
          "b": 46
        },
        "hsl": {
          "h": 6.3157894736842035,
          "s": 1.0,
          "l": 0.5901960784313726
        },
        "accent": true
      },
      "maroon": {
        "name": "Maroon",
        "order": 5,
        "hex": "#b03a33",
        "rgb": {
          "r": 176,
          "g": 58,
          "b": 51
        },
        "hsl": {
          "h": 3.3599999999999963,
          "s": 0.5506607929515419,
          "l": 0.44509803921568625
        },
        "accent": true
      },
      "peach": {
        "name": "Peach",
        "order": 6,
        "hex": "#f7bd8f",
        "rgb": {
          "r": 247,
          "g": 189,
          "b": 143
        },
        "hsl": {
          "h": 26.538461538461544,
          "s": 0.8666666666666669,
          "l": 0.7647058823529411
        },
        "accent": true
      },
      "yellow": {
        "name": "Yellow",
        "order": 7,
        "hex": "#fcd912",
        "rgb": {
          "r": 252,
          "g": 217,
          "b": 18
        },
        "hsl": {
          "h": 51.02564102564102,
          "s": 0.9750000000000001,
          "l": 0.5294117647058824
        },
        "accent": true
      },
      "green": {
        "name": "Green",
        "order": 8,
        "hex": "#5ad641",
        "rgb": {
          "r": 90,
          "g": 214,
          "b": 65
        },
        "hsl": {
          "h": 109.93288590604027,
          "s": 0.6450216450216452,
          "l": 0.5470588235294118
        },
        "accent": true
      },
      "teal": {
        "name": "Teal",
        "order": 9,
        "hex": "#5fb8a8",
        "rgb": {
          "r": 95,
          "g": 184,
          "b": 168
        },
        "hsl": {
          "h": 169.2134831460674,
          "s": 0.3852813852813853,
          "l": 0.5470588235294118
        },
        "accent": true
      },
      "sky": {
        "name": "Sky",
        "order": 10,
        "hex": "#96d8d0",
        "rgb": {
          "r": 150,
          "g": 216,
          "b": 208
        },
        "hsl": {
          "h": 172.72727272727275,
          "s": 0.45833333333333337,
          "l": 0.7176470588235294
        },
        "accent": true
      },
      "sapphire": {
        "name": "Sapphire",
        "order": 11,
        "hex": "#4d9fd0",
        "rgb": {
          "r": 77,
          "g": 159,
          "b": 208
        },
        "hsl": {
          "h": 202.44274809160305,
          "s": 0.5822222222222222,
          "l": 0.5588235294117647
        },
        "accent": true
      },
      "blue": {
        "name": "Blue",
        "order": 12,
        "hex": "#3c8dd9",
        "rgb": {
          "r": 60,
          "g": 141,
          "b": 217
        },
        "hsl": {
          "h": 209.04458598726114,
          "s": 0.6738197424892706,
          "l": 0.5431372549019607
        },
        "accent": true
      },
      "lavender": {
        "name": "Lavender",
        "order": 13,
        "hex": "#a1c1ff",
        "rgb": {
          "r": 161,
          "g": 193,
          "b": 255
        },
        "hsl": {
          "h": 219.57446808510642,
          "s": 1.0,
          "l": 0.8156862745098039
        },
        "accent": true
      },
      "text": {
        "name": "Text",
        "order": 14,
        "hex": "#e8e1cf",
        "rgb": {
          "r": 232,
          "g": 225,
          "b": 207
        },
        "hsl": {
          "h": 43.19999999999998,
          "s": 0.35211267605633784,
          "l": 0.8607843137254902
        },
        "accent": false
      },
      "subtext0": {
        "name": "Subtext 0",
        "order": 16,
        "hex": "#cdbe97",
        "rgb": {
          "r": 205,
          "g": 190,
          "b": 151
        },
        "hsl": {
          "h": 43.33333333333333,
          "s": 0.3506493506493507,
          "l": 0.6980392156862745
        },
        "accent": false
      },
      "subtext1": {
        "name": "Subtext 1",
        "order": 15,
        "hex": "#dacfb3",
        "rgb": {
          "r": 218,
          "g": 207,
          "b": 179
        },
        "hsl": {
          "h": 43.0769230769231,
          "s": 0.3451327433628319,
          "l": 0.7784313725490195
        },
        "accent": false
      },
      "base": {
        "name": "Base",
        "order": 23,
        "hex": "#1f2722",
        "rgb": {
          "r": 31,
          "g": 39,
          "b": 34
        },
        "hsl": {
          "h": 142.5,
          "s": 0.11428571428571432,
          "l": 0.13725490196078433
        },
        "accent": false
      },
      "mantle": {
        "name": "Mantle",
        "order": 24,
        "hex": "#181e1a",
        "rgb": {
          "r": 24,
          "g": 30,
          "b": 26
        },
        "hsl": {
          "h": 140.0,
          "s": 0.1111111111111111,
          "l": 0.10588235294117647
        },
        "accent": false
      },
      "crust": {
        "name": "Crust",
        "order": 25,
        "hex": "#111513",
        "rgb": {
          "r": 17,
          "g": 21,
          "b": 19
        },
        "hsl": {
          "h": 150.0,
          "s": 0.10526315789473684,
          "l": 0.07450980392156863
        },
        "accent": false
      },
      "surface0": {
        "name": "Surface 0",
        "order": 22,
        "hex": "#313d35",
        "rgb": {
          "r": 49,
          "g": 61,
          "b": 53
        },
        "hsl": {
          "h": 140.0,
          "s": 0.10909090909090909,
          "l": 0.21568627450980393
        },
        "accent": false
      },
      "surface1": {
        "name": "Surface 1",
        "order": 21,
        "hex": "#435449",
        "rgb": {
          "r": 67,
          "g": 84,
          "b": 73
        },
        "hsl": {
          "h": 141.17647058823528,
          "s": 0.11258278145695362,
          "l": 0.296078431372549
        },
        "accent": false
      },
      "surface2": {
        "name": "Surface 2",
        "order": 20,
        "hex": "#556b5d",
        "rgb": {
          "r": 85,
          "g": 107,
          "b": 93
        },
        "hsl": {
          "h": 141.81818181818178,
          "s": 0.11458333333333337,
          "l": 0.3764705882352941
        },
        "accent": false
      },
      "overlay0": {
        "name": "Overlay 0",
        "order": 19,
        "hex": "#678171",