{
  "macchiato": {
    "name": "Macchiato",
    "displayName": "priestess_(arknights)",
    "emoji": "🌺",
    "order": 2,
    "dark": true,
    "colors": {
      "rosewater": {
        "name": "Rosewater",
        "order": 0,
        "hex": "#efddda",
        "rgb": {
          "r": 239,
          "g": 221,
          "b": 218
        },
        "hsl": {
          "h": 8.571428571428621,
          "s": 0.39622641509433976,
          "l": 0.896078431372549
        },
        "accent": true
      },
      "flamingo": {
        "name": "Flamingo",
        "order": 1,
        "hex": "#e9cccc",
        "rgb": {
          "r": 233,
          "g": 204,
          "b": 204
        },
        "hsl": {
          "h": 0.0,
          "s": 0.3972602739726024,
          "l": 0.8568627450980393
        },
        "accent": true
      },
      "pink": {
        "name": "Pink",
        "order": 2,
        "hex": "#af9fce",
        "rgb": {
          "r": 175,
          "g": 159,
          "b": 206
        },
        "hsl": {
          "h": 260.4255319148936,
          "s": 0.3241379310344828,
          "l": 0.7156862745098039
        },
        "accent": true
      },
      "mauve": {
        "name": "Mauve",
        "order": 3,
        "hex": "#d5b3f8",
        "rgb": {
          "r": 213,
          "g": 179,
          "b": 248
        },
        "hsl": {
          "h": 269.5652173913044,
          "s": 0.8313253012048195,
          "l": 0.8372549019607842
        },
        "accent": true
      },
      "red": {
        "name": "Red",
        "order": 4,
        "hex": "#dd96a0",
        "rgb": {
          "r": 221,
          "g": 150,
          "b": 160
        },
        "hsl": {
          "h": 351.5492957746479,
          "s": 0.5107913669064749,
          "l": 0.7274509803921569
        },
        "accent": true
      },
      "maroon": {
        "name": "Maroon",
        "order": 5,
        "hex": "#e1a5aa",
        "rgb": {
          "r": 225,
          "g": 165,
          "b": 170
        },
        "hsl": {
          "h": 355.0,
          "s": 0.4999999999999999,
          "l": 0.7647058823529411
        },
        "accent": true
      },
      "peach": {
        "name": "Peach",
        "order": 6,
        "hex": "#e3ae90",
        "rgb": {
          "r": 227,
          "g": 174,
          "b": 144
        },
        "hsl": {
          "h": 21.686746987951818,
          "s": 0.5971223021582732,
          "l": 0.7274509803921568
        },
        "accent": true
      },
      "yellow": {
        "name": "Yellow",
        "order": 7,
        "hex": "#e2cfaa",
        "rgb": {
          "r": 226,
          "g": 207,
          "b": 170
        },
        "hsl": {
          "h": 39.64285714285716,
          "s": 0.4912280701754385,
          "l": 0.776470588235294
        },
        "accent": true
      },
      "green": {
        "name": "Green",
        "order": 8,
        "hex": "#abcf9f",
        "rgb": {
          "r": 171,
          "g": 207,
          "b": 159
        },
        "hsl": {
          "h": 105.00000000000003,
          "s": 0.3333333333333333,
          "l": 0.7176470588235294
        },
        "accent": true
      },
      "teal": {
        "name": "Teal",
        "order": 9,
        "hex": "#96c9c2",
        "rgb": {
          "r": 150,
          "g": 201,
          "b": 194
        },
        "hsl": {
          "h": 171.76470588235296,
          "s": 0.32075471698113195,
          "l": 0.6882352941176471
        },
        "accent": true
      },
      "sky": {
        "name": "Sky",
        "order": 10,
        "hex": "#9dced6",
        "rgb": {
          "r": 157,
          "g": 206,
          "b": 214
        },
        "hsl": {
          "h": 188.421052631579,
          "s": 0.4100719424460433,
          "l": 0.7274509803921569
        },
        "accent": true
      },
      "sapphire": {
        "name": "Sapphire",
        "order": 11,
        "hex": "#8cbed4",
        "rgb": {
          "r": 140,
          "g": 190,
          "b": 212
        },
        "hsl": {
          "h": 198.33333333333334,
          "s": 0.4556962025316457,
          "l": 0.6901960784313725
        },
        "accent": true
      },
      "blue": {
        "name": "Blue",
        "order": 12,
        "hex": "#99b2e4",
        "rgb": {
          "r": 153,
          "g": 178,
          "b": 228
        },
        "hsl": {
          "h": 220.00000000000003,
          "s": 0.5813953488372093,
          "l": 0.7470588235294118
        },
        "accent": true
      },
      "lavender": {
        "name": "Lavender",
        "order": 13,
        "hex": "#c0c4ee",
        "rgb": {
          "r": 192,
          "g": 196,
          "b": 238
        },
        "hsl": {
          "h": 234.78260869565213,
          "s": 0.5750000000000001,
          "l": 0.8431372549019608
        },
        "accent": true
      },
      "text": {
        "name": "Text",
        "order": 14,
        "hex": "#dad7d9",
        "rgb": {
          "r": 218,
          "g": 215,
          "b": 217
        },
        "hsl": {
          "h": 320.0,
          "s": 0.038961038961038835,
          "l": 0.8490196078431372
        },
        "accent": false
      },
      "subtext0": {
        "name": "Subtext 0",
        "order": 16,
        "hex": "#b2acb0",
        "rgb": {
          "r": 178,
          "g": 172,
          "b": 176
        },
        "hsl": {
          "h": 320.0,
          "s": 0.03749999999999987,
          "l": 0.6862745098039216
        },
        "accent": false
      },
      "subtext1": {
        "name": "Subtext 1",
        "order": 15,
        "hex": "#c6c1c4",
        "rgb": {
          "r": 198,
          "g": 193,
          "b": 196
        },
        "hsl": {
          "h": 323.99999999999983,
          "s": 0.042016806722689155,
          "l": 0.7666666666666666
        },
        "accent": false
      },
      "base": {
        "name": "Base",
        "order": 23,
        "hex": "#140f15",
        "rgb": {
          "r": 20,
          "g": 15,
          "b": 21
        },
        "hsl": {
          "h": 289.99999999999994,
          "s": 0.16666666666666666,
          "l": 0.07058823529411765
        },
        "accent": false
      },
      "mantle": {
        "name": "Mantle",
        "order": 24,
        "hex": "#0b080c",
        "rgb": {
          "r": 11,
          "g": 8,
          "b": 12
        },
        "hsl": {
          "h": 285.0,
          "s": 0.2,
          "l": 0.0392156862745098
        },
        "accent": false
      },
      "crust": {
        "name": "Crust",
        "order": 25,
        "hex": "#030203",
        "rgb": {
          "r": 3,
          "g": 2,
          "b": 3
        },
        "hsl": {
          "h": 300.0,
          "s": 0.2,
          "l": 0.00980392156862745
        },
        "accent": false
      },
      "surface0": {
        "name": "Surface 0",
        "order": 22,
        "hex": "#2a1f2d",
        "rgb": {
          "r": 42,
          "g": 31,
          "b": 45
        },
        "hsl": {
          "h": 287.1428571428571,
          "s": 0.18421052631578952,
          "l": 0.14901960784313725
        },
        "accent": false
      },
      "surface1": {
        "name": "Surface 1",
        "order": 21,
        "hex": "#413045",
        "rgb": {
          "r": 65,
          "g": 48,
          "b": 69
        },
        "hsl": {
          "h": 288.57142857142856,
          "s": 0.17948717948717946,
          "l": 0.22941176470588234
        },
        "accent": false
      },
      "surface2": {
        "name": "Surface 2",
        "order": 20,
        "hex": "#553f5a",
        "rgb": {
          "r": 85,
          "g": 63,
          "b": 90
        },
        "hsl": {
          "h": 288.8888888888889,
          "s": 0.1764705882352941,
          "l": 0.30000000000000004
        },
        "accent": false
      },
      "overlay0": {
        "name": "Overlay 0",
        "order": 19,
        "hex": "#6c5072",