{
  "latte": {
    "name": "Latte",
    "emoji": "🌻",
    "order": 0,
    "dark": false,
    "colors": {
      "rosewater": {
        "name": "Rosewater",
        "order": 0,
        "hex": "#b63b7f",
        "rgb": {
          "r": 182,
          "g": 59,
          "b": 127
        },
        "hsl": {
          "h": 326.8292682926829,
          "s": 0.5103734439834026,
          "l": 0.4725490196078431
        },
        "accent": true
      },
      "flamingo": {
        "name": "Flamingo",
        "order": 1,
        "hex": "#d02244",
        "rgb": {
          "r": 208,
          "g": 34,
          "b": 68
        },
        "hsl": {
          "h": 348.2758620689655,
          "s": 0.71900826446281,
          "l": 0.4745098039215686
        },
        "accent": true
      },
      "pink": {
        "name": "Pink",
        "order": 2,
        "hex": "#cc3377",
        "rgb": {
          "r": 204,
          "g": 51,
          "b": 119
        },
        "hsl": {
          "h": 333.3333333333333,
          "s": 0.6000000000000001,
          "l": 0.5
        },
        "accent": true
      },
      "mauve": {
        "name": "Mauve",
        "order": 3,
        "hex": "#4a2a6b",
        "rgb": {
          "r": 74,
          "g": 42,
          "b": 107
        },
        "hsl": {
          "h": 269.53846153846155,
          "s": 0.43624161073825496,
          "l": 0.29215686274509806
        },
        "accent": true
      },
      "red": {
        "name": "Red",
        "order": 4,
        "hex": "#cc3333",
        "rgb": {
          "r": 204,
          "g": 51,
          "b": 51
        },
        "hsl": {
          "h": 0.0,
          "s": 0.6000000000000001,
          "l": 0.5
        },
        "accent": true
      },
      "maroon": {
        "name": "Maroon",
        "order": 5,
        "hex": "#7a1f1f",
        "rgb": {
          "r": 122,
          "g": 31,
          "b": 31
        },
        "hsl": {
          "h": 0.0,
          "s": 0.5947712418300654,
          "l": 0.3
        },
        "accent": true
      },
      "peach": {
        "name": "Peach",
        "order": 6,
        "hex": "#b85e05",
        "rgb": {
          "r": 184,
          "g": 94,
          "b": 5
        },
        "hsl": {
          "h": 29.83240223463687,
          "s": 0.947089947089947,
          "l": 0.37058823529411766
        },
        "accent": true
      },
      "yellow": {
        "name": "Yellow",
        "order": 7,
        "hex": "#947400",
        "rgb": {
          "r": 148,
          "g": 116,
          "b": 0
        },
        "hsl": {
          "h": 47.027027027027025,
          "s": 1.0,
          "l": 0.2901960784313726
        },
        "accent": true
      },
      "green": {
        "name": "Green",
        "order": 8,
        "hex": "#528439",
        "rgb": {
          "r": 82,
          "g": 132,
          "b": 57
        },
        "hsl": {
          "h": 99.99999999999999,
          "s": 0.3968253968253969,
          "l": 0.37058823529411766
        },
        "accent": true
      },
      "teal": {
        "name": "Teal",
        "order": 9,
        "hex": "#1937e1",
        "rgb": {
          "r": 25,
          "g": 55,
          "b": 225
        },
        "hsl": {
          "h": 230.99999999999997,
          "s": 0.8,
          "l": 0.49019607843137253
        },
        "accent": true
      },
      "sky": {
        "name": "Sky",
        "order": 10,
        "hex": "#0c74e4",
        "rgb": {
          "r": 12,
          "g": 116,
          "b": 228
        },
        "hsl": {
          "h": 211.1111111111111,
          "s": 0.9000000000000001,
          "l": 0.47058823529411764
        },
        "accent": true
      },
      "sapphire": {
        "name": "Sapphire",
        "order": 11,
        "hex": "#0073be",
        "rgb": {
          "r": 0,
          "g": 115,
          "b": 190
        },
        "hsl": {
          "h": 203.68421052631578,
          "s": 1.0,
          "l": 0.37254901960784315
        },
        "accent": true
      },
      "blue": {
        "name": "Blue",
        "order": 12,
        "hex": "#004c7a",
        "rgb": {
          "r": 0,
          "g": 76,
          "b": 122
        },
        "hsl": {
          "h": 202.62295081967213,
          "s": 1.0,
          "l": 0.23921568627450981
        },
        "accent": true
      },
      "lavender": {
        "name": "Lavender",
        "order": 13,
        "hex": "#8f63bb",
        "rgb": {
          "r": 143,
          "g": 99,
          "b": 187
        },
        "hsl": {
          "h": 270.0,
          "s": 0.3928571428571428,
          "l": 0.5607843137254902
        },
        "accent": true
      },
      "text": {
        "name": "Text",
        "order": 14,
        "hex": "#222222",
        "rgb": {
          "r": 34,
          "g": 34,
          "b": 34
        },
        "hsl": {
          "h": 0.0,
          "s": 0.0,
          "l": 0.13333333333333333
        },
        "accent": false
      },
      "subtext0": {
        "name": "Subtext 0",
        "order": 16,
        "hex": "#1a1a1a",
        "rgb": {
          "r": 26,
          "g": 26,
          "b": 26
        },
        "hsl": {
          "h": 0.0,
          "s": 0.0,
          "l": 0.10196078431372549
        },
        "accent": false
      },
      "subtext1": {
        "name": "Subtext 1",
        "order": 15,
        "hex": "#121212",
        "rgb": {
          "r": 18,
          "g": 18,
          "b": 18
        },
        "hsl": {
          "h": 0.0,
          "s": 0.0,
          "l": 0.07058823529411765
        },
        "accent": false
      },
      "base": {
        "name": "Base",
        "order": 23,
        "hex": "#c4c4c4",
        "rgb": {
          "r": 196,
          "g": 196,
          "b": 196
        },
        "hsl": {
          "h": 0.0,
          "s": 0.0,
          "l": 0.7686274509803922
        },
        "accent": false
      },
      "mantle": {
        "name": "Mantle",
        "order": 24,
        "hex": "#bdbdbd",
        "rgb": {
          "r": 189,
          "g": 189,
          "b": 189
        },
        "hsl": {
          "h": 0.0,
          "s": 0.0,
          "l": 0.7411764705882353
        },
        "accent": false
      },
      "crust": {
        "name": "Crust",
        "order": 25,
        "hex": "#b5b5b5",
        "rgb": {
          "r": 181,
          "g": 181,
          "b": 181
        },
        "hsl": {
          "h": 0.0,
          "s": 0.0,
          "l": 0.7098039215686275
        },
        "accent": false
      },
      "surface0": {
        "name": "Surface 0",
        "order": 22,
        "hex": "#a6a6a6",
        "rgb": {
          "r": 166,
          "g": 166,
          "b": 166
        },
        "hsl": {
          "h": 0.0,
          "s": 0.0,
          "l": 0.6509803921568628
        },
        "accent": false
      },
      "surface1": {
        "name": "Surface 1",
        "order": 21,
        "hex": "#969696",
        "rgb": {
          "r": 150,
          "g": 150,
          "b": 150
        },
        "hsl": {
          "h": 0.0,
          "s": 0.0,
          "l": 0.5882352941176471
        },
        "accent": false
      },
      "surface2": {
        "name": "Surface 2",
        "order": 20,
        "hex": "#878787",
        "rgb": {
          "r": 135,
          "g": 135,
          "b": 135
        },
        "hsl": {
          "h": 0.0,
          "s": 0.0,
          "l": 0.5294117647058824
        },
        "accent": false
      },
      "overlay0": {
        "name": "Overlay 0",
        "order": 19,
        "hex": "#787878",
        "rgb": {
          "r": 120,
          "g": 120,
          "b": 120
        },
        "hsl": {
          "h": 0.0,
          "s": 0.0,
          "l": 0.47058823529411764
        },
        "accent": false
      },
      "overlay1": {
        "name": "Overlay 1",
        "order": 18,
        "hex": "#696969",
        "rgb": {
          "r": 105,
          "g": 105,