{
  "latte": {
    "name": "Latte",
    "emoji": "🌻",
    "order": 0,
    "dark": false,
    "colors": {
      "rosewater": {
        "name": "Rosewater",
        "order": 0,
        "hex": "#cf6d7d",
        "rgb": {
          "r": 207,
          "g": 109,
          "b": 125
        },
        "hsl": {
          "h": 350.2040816326531,
          "s": 0.5051546391752578,
          "l": 0.6196078431372549
        },
        "accent": true
      },
      "flamingo": {
        "name": "Flamingo",
        "order": 1,
        "hex": "#dd6363",
        "rgb": {
          "r": 221,
          "g": 99,
          "b": 99
        },
        "hsl": {
          "h": 0.0,
          "s": 0.6421052631578947,
          "l": 0.6274509803921569
        },
        "accent": true
      },
      "pink": {
        "name": "Pink",
        "order": 2,
        "hex": "#b74757",
        "rgb": {
          "r": 183,
          "g": 71,
          "b": 87
        },
        "hsl": {
          "h": 351.42857142857144,
          "s": 0.4409448818897638,
          "l": 0.4980392156862745
        },
        "accent": true
      },
      "mauve": {
        "name": "Mauve",
        "order": 3,
        "hex": "#af78af",
        "rgb": {
          "r": 175,
          "g": 120,
          "b": 175
        },
        "hsl": {
          "h": 300.0,
          "s": 0.2558139534883721,
          "l": 0.5784313725490196
        },
        "accent": true
      },
      "red": {
        "name": "Red",
        "order": 4,
        "hex": "#d7425b",
        "rgb": {
          "r": 215,
          "g": 66,
          "b": 91
        },
        "hsl": {
          "h": 349.93288590604027,
          "s": 0.6506550218340611,
          "l": 0.5509803921568628
        },
        "accent": true
      },
      "maroon": {
        "name": "Maroon",
        "order": 5,
        "hex": "#8a4254",
        "rgb": {
          "r": 138,
          "g": 66,
          "b": 84
        },
        "hsl": {
          "h": 345.0,
          "s": 0.35294117647058815,
          "l": 0.4
        },
        "accent": true
      },
      "peach": {
        "name": "Peach",
        "order": 6,
        "hex": "#ca7623",
        "rgb": {
          "r": 202,
          "g": 118,
          "b": 35
        },
        "hsl": {
          "h": 29.820359281437128,
          "s": 0.7046413502109703,
          "l": 0.4647058823529412
        },
        "accent": true
      },
      "yellow": {
        "name": "Yellow",
        "order": 7,
        "hex": "#a7851d",
        "rgb": {
          "r": 167,
          "g": 133,
          "b": 29
        },
        "hsl": {
          "h": 45.21739130434783,
          "s": 0.7040816326530611,
          "l": 0.3843137254901961
        },
        "accent": true
      },
      "green": {
        "name": "Green",
        "order": 8,
        "hex": "#4b9b66",
        "rgb": {
          "r": 75,
          "g": 155,
          "b": 102
        },
        "hsl": {
          "h": 140.25000000000003,
          "s": 0.34782608695652173,
          "l": 0.4509803921568627
        },
        "accent": true
      },
      "teal": {
        "name": "Teal",
        "order": 9,
        "hex": "#419891",
        "rgb": {
          "r": 65,
          "g": 152,
          "b": 145
        },
        "hsl": {
          "h": 175.17241379310343,
          "s": 0.40092165898617516,
          "l": 0.42549019607843136
        },
        "accent": true
      },
      "sky": {
        "name": "Sky",
        "order": 10,
        "hex": "#4692b8",
        "rgb": {
          "r": 70,
          "g": 146,
          "b": 184
        },
        "hsl": {
          "h": 199.99999999999997,
          "s": 0.44881889763779526,
          "l": 0.4980392156862745
        },
        "accent": true
      },
      "sapphire": {
        "name": "Sapphire",
        "order": 11,
        "hex": "#5d8fc1",
        "rgb": {
          "r": 93,
          "g": 143,
          "b": 193
        },
        "hsl": {
          "h": 210.0,
          "s": 0.44642857142857145,
          "l": 0.5607843137254902
        },
        "accent": true
      },
      "blue": {
        "name": "Blue",
        "order": 12,
        "hex": "#597bc0",
        "rgb": {
          "r": 89,
          "g": 123,
          "b": 192
        },
        "hsl": {
          "h": 220.1941747572816,
          "s": 0.4497816593886463,
          "l": 0.5509803921568628
        },
        "accent": true
      },
      "lavender": {
        "name": "Lavender",
        "order": 13,
        "hex": "#8d82c3",
        "rgb": {
          "r": 141,
          "g": 130,
          "b": 195
        },
        "hsl": {
          "h": 250.1538461538462,
          "s": 0.35135135135135126,
          "l": 0.6372549019607843
        },
        "accent": true
      },
      "text": {
        "name": "Text",
        "order": 14,
        "hex": "#534853",
        "rgb": {
          "r": 83,
          "g": 72,
          "b": 83
        },
        "hsl": {
          "h": 300.0,
          "s": 0.07096774193548389,
          "l": 0.303921568627451
        },
        "accent": false
      },
      "subtext0": {
        "name": "Subtext 0",
        "order": 16,
        "hex": "#746474",
        "rgb": {
          "r": 116,
          "g": 100,
          "b": 116
        },
        "hsl": {
          "h": 300.0,
          "s": 0.07407407407407407,
          "l": 0.4235294117647059
        },
        "accent": false
      },
      "subtext1": {
        "name": "Subtext 1",
        "order": 15,
        "hex": "#635663",
        "rgb": {
          "r": 99,
          "g": 86,
          "b": 99
        },
        "hsl": {
          "h": 300.0,
          "s": 0.07027027027027025,
          "l": 0.36274509803921573
        },
        "accent": false
      },
      "base": {
        "name": "Base",
        "order": 23,
        "hex": "#eadbda",
        "rgb": {
          "r": 234,
          "g": 219,
          "b": 218
        },
        "hsl": {
          "h": 3.7499999999999867,
          "s": 0.275862068965517,
          "l": 0.8862745098039215
        },
        "accent": false
      },
      "mantle": {
        "name": "Mantle",
        "order": 24,
        "hex": "#e4d2d0",
        "rgb": {
          "r": 228,
          "g": 210,
          "b": 208
        },
        "hsl": {
          "h": 5.9999999999999725,
          "s": 0.2702702702702704,
          "l": 0.8549019607843138
        },
        "accent": false
      },
      "crust": {
        "name": "Crust",
        "order": 25,
        "hex": "#dfc8c6",
        "rgb": {
          "r": 223,
          "g": 200,
          "b": 198
        },
        "hsl": {
          "h": 4.799999999999984,
          "s": 0.28089887640449435,
          "l": 0.8254901960784313
        },
        "accent": false
      },
      "surface0": {
        "name": "Surface 0",
        "order": 22,
        "hex": "#d4b5b3",
        "rgb": {
          "r": 212,
          "g": 181,
          "b": 179
        },
        "hsl": {
          "h": 3.636363636363673,
          "s": 0.2773109243697482,
          "l": 0.7666666666666666
        },
        "accent": false
      },
      "surface1": {
        "name": "Surface 1",
        "order": 21,
        "hex": "#c9a29f",
        "rgb": {
          "r": 201,
          "g": 162,
          "b": 159
        },
        "hsl": {
          "h": 4.2857142857142705,
          "s": 0.27999999999999986,
          "l": 0.7058823529411764
        },
        "accent": false
      },
      "surface2": {
        "name": "Surface 2",
        "order": 20,
        "hex": "#be8f8c",
        "rgb": {
          "r": 190,
          "g": 143,
          "b": 140
        },
        "hsl": {
          "h": 3.59999999999999,
          "s": 0.27777777777777773,
          "l": 0.6470588235294118
        },
        "accent": false
      },
      "overlay0": {
        "name": "Overlay 0",
        "order": 19,
        "hex": "#b37c78",
        "rgb": {
          "r": 179,
          "g": 124,