{
  "frappe": {
    "name": "Frappé",
    "emoji": "🪴",
    "order": 1,
    "dark": true,
    "colors": {
      "rosewater": {
        "name": "Rosewater",
        "order": 0,
        "hex": "#f2ced5",
        "rgb": {
          "r": 242,
          "g": 206,
          "b": 213
        },
        "hsl": {
          "h": 348.3333333333333,
          "s": 0.5806451612903223,
          "l": 0.8784313725490196
        },
        "accent": true
      },
      "flamingo": {
        "name": "Flamingo",
        "order": 1,
        "hex": "#efb9c3",
        "rgb": {
          "r": 239,
          "g": 185,
          "b": 195
        },
        "hsl": {
          "h": 348.8888888888889,
          "s": 0.627906976744186,
          "l": 0.8313725490196078
        },
        "accent": true
      },
      "pink": {
        "name": "Pink",
        "order": 2,
        "hex": "#e8a2c0",
        "rgb": {
          "r": 232,
          "g": 162,
          "b": 192
        },
        "hsl": {
          "h": 334.2857142857143,
          "s": 0.6034482758620688,
          "l": 0.7725490196078431
        },
        "accent": true
      },
      "mauve": {
        "name": "Mauve",
        "order": 3,
        "hex": "#dda6e3",
        "rgb": {
          "r": 221,
          "g": 166,
          "b": 227
        },
        "hsl": {
          "h": 294.09836065573774,
          "s": 0.5213675213675212,
          "l": 0.7705882352941176
        },
        "accent": true
      },
      "red": {
        "name": "Red",
        "order": 4,
        "hex": "#e591a2",
        "rgb": {
          "r": 229,
          "g": 145,
          "b": 162
        },
        "hsl": {
          "h": 347.85714285714283,
          "s": 0.6176470588235294,
          "l": 0.7333333333333334
        },
        "accent": true
      },
      "maroon": {
        "name": "Maroon",
        "order": 5,
        "hex": "#b97c88",
        "rgb": {
          "r": 185,
          "g": 124,
          "b": 136
        },
        "hsl": {
          "h": 348.1967213114754,
          "s": 0.3034825870646766,
          "l": 0.6058823529411764
        },
        "accent": true
      },
      "peach": {
        "name": "Peach",
        "order": 6,
        "hex": "#e8b49a",
        "rgb": {
          "r": 232,
          "g": 180,
          "b": 154
        },
        "hsl": {
          "h": 20.000000000000018,
          "s": 0.629032258064516,
          "l": 0.7568627450980392
        },
        "accent": true
      },
      "yellow": {
        "name": "Yellow",
        "order": 7,
        "hex": "#f0d591",
        "rgb": {
          "r": 240,
          "g": 213,
          "b": 145
        },
        "hsl": {
          "h": 42.94736842105264,
          "s": 0.76,
          "l": 0.7549019607843137
        },
        "accent": true
      },
      "green": {
        "name": "Green",
        "order": 8,
        "hex": "#a9d8b8",
        "rgb": {
          "r": 169,
          "g": 216,
          "b": 184
        },
        "hsl": {
          "h": 139.14893617021278,
          "s": 0.37600000000000006,
          "l": 0.7549019607843137
        },
        "accent": true
      },
      "teal": {
        "name": "Teal",
        "order": 9,
        "hex": "#9acecf",
        "rgb": {
          "r": 154,
          "g": 206,
          "b": 207
        },
        "hsl": {
          "h": 181.1320754716981,
          "s": 0.3557046979865772,
          "l": 0.7078431372549019
        },
        "accent": true
      },
      "sky": {
        "name": "Sky",
        "order": 10,
        "hex": "#b3cbf2",
        "rgb": {
          "r": 179,
          "g": 203,
          "b": 242
        },
        "hsl": {
          "h": 217.14285714285714,
          "s": 0.7078651685393257,
          "l": 0.8254901960784313
        },
        "accent": true
      },
      "sapphire": {
        "name": "Sapphire",
        "order": 11,
        "hex": "#8793c2",
        "rgb": {
          "r": 135,
          "g": 147,
          "b": 194
        },
        "hsl": {
          "h": 227.79661016949154,
          "s": 0.3259668508287292,
          "l": 0.6450980392156862
        },
        "accent": true
      },
      "blue": {
        "name": "Blue",
        "order": 12,
        "hex": "#a6b3e3",
        "rgb": {
          "r": 166,
          "g": 179,
          "b": 227
        },
        "hsl": {
          "h": 227.21311475409837,
          "s": 0.5213675213675212,
          "l": 0.7705882352941176
        },
        "accent": true
      },
      "lavender": {
        "name": "Lavender",
        "order": 13,
        "hex": "#b8a9c3",
        "rgb": {
          "r": 184,
          "g": 169,
          "b": 195
        },
        "hsl": {
          "h": 274.61538461538464,
          "s": 0.17808219178082185,
          "l": 0.7137254901960783
        },
        "accent": true
      },
      "text": {
        "name": "Text",
        "order": 14,
        "hex": "#e2dcec",
        "rgb": {
          "r": 226,
          "g": 220,
          "b": 236
        },
        "hsl": {
          "h": 262.4999999999999,
          "s": 0.2962962962962964,
          "l": 0.8941176470588236
        },
        "accent": false
      },
      "subtext0": {
        "name": "Subtext 0",
        "order": 16,
        "hex": "#bcb3c9",
        "rgb": {
          "r": 188,
          "g": 179,
          "b": 201
        },
        "hsl": {
          "h": 264.5454545454546,
          "s": 0.1692307692307692,
          "l": 0.7450980392156863
        },
        "accent": false
      },
      "subtext1": {
        "name": "Subtext 1",
        "order": 15,
        "hex": "#cfc5dd",
        "rgb": {
          "r": 207,
          "g": 197,
          "b": 221
        },
        "hsl": {
          "h": 265.0,
          "s": 0.26086956521739135,
          "l": 0.8196078431372549
        },
        "accent": false
      },
      "base": {
        "name": "Base",
        "order": 23,
        "hex": "#3a314a",
        "rgb": {
          "r": 58,
          "g": 49,
          "b": 74
        },
        "hsl": {
          "h": 261.59999999999997,
          "s": 0.2032520325203252,
          "l": 0.24117647058823533
        },
        "accent": false
      },
      "mantle": {
        "name": "Mantle",
        "order": 24,
        "hex": "#322b41",
        "rgb": {
          "r": 50,
          "g": 43,
          "b": 65
        },
        "hsl": {
          "h": 259.0909090909091,
          "s": 0.20370370370370364,
          "l": 0.21176470588235294
        },
        "accent": false
      },
      "crust": {
        "name": "Crust",
        "order": 25,
        "hex": "#2a2436",
        "rgb": {
          "r": 42,
          "g": 36,
          "b": 54
        },
        "hsl": {
          "h": 260.0,
          "s": 0.2,
          "l": 0.1764705882352941
        },
        "accent": false
      },
      "surface0": {
        "name": "Surface 0",
        "order": 22,
        "hex": "#4a435a",
        "rgb": {
          "r": 74,
          "g": 67,
          "b": 90
        },
        "hsl": {
          "h": 258.26086956521743,
          "s": 0.14649681528662423,
          "l": 0.307843137254902
        },
        "accent": false
      },
      "surface1": {
        "name": "Surface 1",
        "order": 21,
        "hex": "#5b536c",
        "rgb": {
          "r": 91,
          "g": 83,
          "b": 108
        },
        "hsl": {
          "h": 259.20000000000005,
          "s": 0.13089005235602091,
          "l": 0.37450980392156863
        },
        "accent": false
      },
      "surface2": {
        "name": "Surface 2",
        "order": 20,
        "hex": "#6c647d",
        "rgb": {
          "r": 108,
          "g": 100,
          "b": 125
        },
        "hsl": {
          "h": 259.20000000000005,
          "s": 0.11111111111111109,
          "l": 0.4411764705882353
        },
        "accent": false
      },
      "overlay0": {
        "name": "Overlay 0",
        "order": 19,
        "hex": "#817896",