{
  "latte": {
    "name": "Latte",
    "emoji": "🌻",
    "order": 0,
    "dark": false,
    "colors": {
      "rosewater": {
        "name": "Rosewater",
        "order": 0,
        "hex": "#8f4e4c",
        "rgb": {
          "r": 143,
          "g": 78,
          "b": 76
        },
        "hsl": {
          "h": 1.7910447761194082,
          "s": 0.3059360730593607,
          "l": 0.4294117647058824
        },
        "accent": true
      },
      "flamingo": {
        "name": "Flamingo",
        "order": 1,
        "hex": "#874542",
        "rgb": {
          "r": 135,
          "g": 69,
          "b": 66
        },
        "hsl": {
          "h": 2.6086956521739046,
          "s": 0.3432835820895522,
          "l": 0.3941176470588236
        },
        "accent": true
      },
      "pink": {
        "name": "Pink",
        "order": 2,
        "hex": "#8e4561",
        "rgb": {
          "r": 142,
          "g": 69,
          "b": 97
        },
        "hsl": {
          "h": 336.98630136986304,
          "s": 0.34597156398104273,
          "l": 0.4137254901960784
        },
        "accent": true
      },
      "mauve": {
        "name": "Mauve",
        "order": 3,
        "hex": "#6b4a7f",
        "rgb": {
          "r": 107,
          "g": 74,
          "b": 127
        },
        "hsl": {
          "h": 277.35849056603774,
          "s": 0.26368159203980096,
          "l": 0.3941176470588236
        },
        "accent": true
      },
      "red": {
        "name": "Red",
        "order": 4,
        "hex": "#b43842",
        "rgb": {
          "r": 180,
          "g": 56,
          "b": 66
        },
        "hsl": {
          "h": 355.16129032258067,
          "s": 0.5254237288135594,
          "l": 0.4627450980392157
        },
        "accent": true
      },
      "maroon": {
        "name": "Maroon",
        "order": 5,
        "hex": "#a34246",
        "rgb": {
          "r": 163,
          "g": 66,
          "b": 70
        },
        "hsl": {
          "h": 357.5257731958763,
          "s": 0.4235807860262008,
          "l": 0.4490196078431372
        },
        "accent": true
      },
      "peach": {
        "name": "Peach",
        "order": 6,
        "hex": "#8f5524",
        "rgb": {
          "r": 143,
          "g": 85,
          "b": 36
        },
        "hsl": {
          "h": 27.47663551401869,
          "s": 0.5977653631284917,
          "l": 0.3509803921568627
        },
        "accent": true
      },
      "yellow": {
        "name": "Yellow",
        "order": 7,
        "hex": "#6e5715",
        "rgb": {
          "r": 110,
          "g": 87,
          "b": 21
        },
        "hsl": {
          "h": 44.49438202247191,
          "s": 0.6793893129770993,
          "l": 0.25686274509803925
        },
        "accent": true
      },
      "green": {
        "name": "Green",
        "order": 8,
        "hex": "#0c6b51",
        "rgb": {
          "r": 12,
          "g": 107,
          "b": 81
        },
        "hsl": {
          "h": 163.57894736842107,
          "s": 0.7983193277310925,
          "l": 0.23333333333333334
        },
        "accent": true
      },
      "teal": {
        "name": "Teal",
        "order": 9,
        "hex": "#18685a",
        "rgb": {
          "r": 24,
          "g": 104,
          "b": 90
        },
        "hsl": {
          "h": 169.50000000000003,
          "s": 0.625,
          "l": 0.25098039215686274
        },
        "accent": true
      },
      "sky": {
        "name": "Sky",
        "order": 10,
        "hex": "#255b74",
        "rgb": {
          "r": 37,
          "g": 91,
          "b": 116
        },
        "hsl": {
          "h": 198.9873417721519,
          "s": 0.5163398692810458,
          "l": 0.3
        },
        "accent": true
      },
      "sapphire": {
        "name": "Sapphire",
        "order": 11,
        "hex": "#066ca2",
        "rgb": {
          "r": 6,
          "g": 108,
          "b": 162
        },
        "hsl": {
          "h": 200.76923076923075,
          "s": 0.9285714285714285,
          "l": 0.32941176470588235
        },
        "accent": true
      },
      "blue": {
        "name": "Blue",
        "order": 12,
        "hex": "#386a8f",
        "rgb": {
          "r": 56,
          "g": 106,
          "b": 143
        },
        "hsl": {
          "h": 205.51724137931032,
          "s": 0.4371859296482412,
          "l": 0.39019607843137255
        },
        "accent": true
      },
      "lavender": {
        "name": "Lavender",
        "order": 13,
        "hex": "#715894",
        "rgb": {
          "r": 113,
          "g": 88,
          "b": 148
        },
        "hsl": {
          "h": 265.0,
          "s": 0.25423728813559326,
          "l": 0.4627450980392157
        },
        "accent": true
      },
      "text": {
        "name": "Text",
        "order": 14,
        "hex": "#111115",
        "rgb": {
          "r": 17,
          "g": 17,
          "b": 21
        },
        "hsl": {
          "h": 240.0,
          "s": 0.10526315789473684,
          "l": 0.07450980392156863
        },
        "accent": false
      },
      "subtext0": {
        "name": "Subtext 0",
        "order": 16,
        "hex": "#2b2e34",
        "rgb": {
          "r": 43,
          "g": 46,
          "b": 52
        },
        "hsl": {
          "h": 220.00000000000003,
          "s": 0.09473684210526312,
          "l": 0.18627450980392157
        },
        "accent": false
      },
      "subtext1": {
        "name": "Subtext 1",
        "order": 15,
        "hex": "#1e1f24",
        "rgb": {
          "r": 30,
          "g": 31,
          "b": 36
        },
        "hsl": {
          "h": 229.99999999999997,
          "s": 0.09090909090909093,
          "l": 0.12941176470588234
        },
        "accent": false
      },
      "base": {
        "name": "Base",
        "order": 23,
        "hex": "#e7dcb4",
        "rgb": {
          "r": 231,
          "g": 220,
          "b": 180
        },
        "hsl": {
          "h": 47.05882352941177,
          "s": 0.5151515151515149,
          "l": 0.8058823529411765
        },
        "accent": false
      },
      "mantle": {
        "name": "Mantle",
        "order": 24,
        "hex": "#ded2a6",
        "rgb": {
          "r": 222,
          "g": 210,
          "b": 166
        },
        "hsl": {
          "h": 47.142857142857125,
          "s": 0.45901639344262296,
          "l": 0.7607843137254902
        },
        "accent": false
      },
      "crust": {
        "name": "Crust",
        "order": 25,
        "hex": "#d6c897",
        "rgb": {
          "r": 214,
          "g": 200,
          "b": 151
        },
        "hsl": {
          "h": 46.666666666666664,
          "s": 0.4344827586206898,
          "l": 0.7156862745098039
        },
        "accent": false
      },
      "surface0": {
        "name": "Surface 0",
        "order": 22,
        "hex": "#c5b57b",
        "rgb": {
          "r": 197,
          "g": 181,
          "b": 123
        },
        "hsl": {
          "h": 47.027027027027025,
          "s": 0.38947368421052636,
          "l": 0.6274509803921569
        },
        "accent": false
      },
      "surface1": {
        "name": "Surface 1",
        "order": 21,
        "hex": "#b5a25e",
        "rgb": {
          "r": 181,
          "g": 162,
          "b": 94
        },
        "hsl": {
          "h": 46.896551724137915,
          "s": 0.3702127659574469,
          "l": 0.5392156862745099
        },
        "accent": false
      },
      "surface2": {
        "name": "Surface 2",
        "order": 20,
        "hex": "#a48f3f",
        "rgb": {
          "r": 164,
          "g": 143,
          "b": 63
        },
        "hsl": {
          "h": 47.52475247524752,
          "s": 0.44493392070484583,
          "l": 0.4450980392156863
        },
        "accent": false
      },
      "overlay0": {
        "name": "Overlay 0",
        "order": 19,
        "hex": "#947c16",