{
  "frappe": {
    "name": "Frappé",
    "emoji": "🪴",
    "order": 1,
    "dark": true,
    "colors": {
      "rosewater": {
        "name": "Rosewater",
        "order": 0,
        "hex": "#f5e0dc",
        "rgb": {
          "r": 245,
          "g": 224,
          "b": 220
        },
        "hsl": {
          "h": 9.599999999999968,
          "s": 0.555555555555556,
          "l": 0.911764705882353
        },
        "accent": true
      },
      "flamingo": {
        "name": "Flamingo",
        "order": 1,
        "hex": "#f2cdcd",
        "rgb": {
          "r": 242,
          "g": 205,
          "b": 205
        },
        "hsl": {
          "h": 0.0,
          "s": 0.587301587301587,
          "l": 0.8764705882352941
        },
        "accent": true
      },
      "pink": {
        "name": "Pink",
        "order": 2,
        "hex": "#f5c2e7",
        "rgb": {
          "r": 245,
          "g": 194,
          "b": 231
        },
        "hsl": {
          "h": 316.4705882352941,
          "s": 0.7183098591549301,
          "l": 0.8607843137254902
        },
        "accent": true
      },
      "mauve": {
        "name": "Mauve",
        "order": 3,
        "hex": "#cba6f7",
        "rgb": {
          "r": 203,
          "g": 166,
          "b": 247
        },
        "hsl": {
          "h": 267.4074074074074,
          "s": 0.8350515463917528,
          "l": 0.8098039215686275
        },
        "accent": true
      },
      "red": {
        "name": "Red",
        "order": 4,
        "hex": "#f38ba8",
        "rgb": {
          "r": 243,
          "g": 139,
          "b": 168
        },
        "hsl": {
          "h": 343.2692307692308,
          "s": 0.8124999999999998,
          "l": 0.7490196078431373
        },
        "accent": true
      },
      "maroon": {
        "name": "Maroon",
        "order": 5,
        "hex": "#eba0ac",
        "rgb": {
          "r": 235,
          "g": 160,
          "b": 172
        },
        "hsl": {
          "h": 350.4,
          "s": 0.6521739130434779,
          "l": 0.7745098039215685
        },
        "accent": true
      },
      "peach": {
        "name": "Peach",
        "order": 6,
        "hex": "#fab387",
        "rgb": {
          "r": 250,
          "g": 179,
          "b": 135
        },
        "hsl": {
          "h": 22.95652173913043,
          "s": 0.92,
          "l": 0.7549019607843137
        },
        "accent": true
      },
      "yellow": {
        "name": "Yellow",
        "order": 7,
        "hex": "#f9e2af",
        "rgb": {
          "r": 249,
          "g": 226,
          "b": 175
        },
        "hsl": {
          "h": 41.35135135135134,
          "s": 0.8604651162790699,
          "l": 0.8313725490196078
        },
        "accent": true
      },
      "green": {
        "name": "Green",
        "order": 8,
        "hex": "#a6e3a1",
        "rgb": {
          "r": 166,
          "g": 227,
          "b": 161
        },
        "hsl": {
          "h": 115.45454545454544,
          "s": 0.5409836065573769,
          "l": 0.7607843137254902
        },
        "accent": true
      },
      "teal": {
        "name": "Teal",
        "order": 9,
        "hex": "#94e2d5",
        "rgb": {
          "r": 148,
          "g": 226,
          "b": 213
        },
        "hsl": {
          "h": 170.00000000000003,
          "s": 0.5735294117647057,
          "l": 0.7333333333333334
        },
        "accent": true
      },
      "sky": {
        "name": "Sky",
        "order": 10,
        "hex": "#89dceb",
        "rgb": {
          "r": 137,
          "g": 220,
          "b": 235
        },
        "hsl": {
          "h": 189.18367346938774,
          "s": 0.7101449275362316,
          "l": 0.7294117647058823
        },
        "accent": true
      },
      "sapphire": {
        "name": "Sapphire",
        "order": 11,
        "hex": "#74c7ec",
        "rgb": {
          "r": 116,
          "g": 199,
          "b": 236
        },
        "hsl": {
          "h": 198.5,
          "s": 0.759493670886076,
          "l": 0.6901960784313725
        },
        "accent": true
      },
      "blue": {
        "name": "Blue",
        "order": 12,
        "hex": "#89b4fa",
        "rgb": {
          "r": 137,
          "g": 180,
          "b": 250
        },
        "hsl": {
          "h": 217.1681415929203,
          "s": 0.9186991869918699,
          "l": 0.7588235294117647
        },
        "accent": true
      },
      "lavender": {
        "name": "Lavender",
        "order": 13,
        "hex": "#b4befe",
        "rgb": {
          "r": 180,
          "g": 190,
          "b": 254
        },
        "hsl": {
          "h": 231.89189189189187,
          "s": 0.9736842105263159,
          "l": 0.8509803921568628
        },
        "accent": true
      },
      "text": {
        "name": "Text",
        "order": 14,
        "hex": "#f4f9e3",
        "rgb": {
          "r": 244,
          "g": 249,
          "b": 227
        },
        "hsl": {
          "h": 73.6363636363636,
          "s": 0.6470588235294121,
          "l": 0.9333333333333333
        },
        "accent": false
      },
      "subtext0": {
        "name": "Subtext 0",
        "order": 16,
        "hex": "#ccd2bd",
        "rgb": {
          "r": 204,
          "g": 210,
          "b": 189
        },
        "hsl": {
          "h": 77.14285714285708,
          "s": 0.18918918918918903,
          "l": 0.7823529411764706
        },
        "accent": false
      },
      "subtext1": {
        "name": "Subtext 1",
        "order": 15,
        "hex": "#e0e6d0",
        "rgb": {
          "r": 224,
          "g": 230,
          "b": 208
        },
        "hsl": {
          "h": 76.36363636363637,
          "s": 0.3055555555555555,
          "l": 0.8588235294117648
        },
        "accent": false
      },
      "base": {
        "name": "Base",
        "order": 23,
        "hex": "#292a3c",
        "rgb": {
          "r": 41,
          "g": 42,
          "b": 60
        },
        "hsl": {
          "h": 236.84210526315792,
          "s": 0.18811881188118806,
          "l": 0.19803921568627453
        },
        "accent": false
      },
      "mantle": {
        "name": "Mantle",
        "order": 24,
        "hex": "#303143",
        "rgb": {
          "r": 48,
          "g": 49,
          "b": 67
        },
        "hsl": {
          "h": 236.84210526315792,
          "s": 0.16521739130434784,
          "l": 0.22549019607843138
        },
        "accent": false
      },
      "crust": {
        "name": "Crust",
        "order": 25,
        "hex": "#38394c",
        "rgb": {
          "r": 56,
          "g": 57,
          "b": 76
        },
        "hsl": {
          "h": 237.0,
          "s": 0.15151515151515152,
          "l": 0.2588235294117647
        },
        "accent": false
      },
      "surface0": {
        "name": "Surface 0",
        "order": 22,
        "hex": "#47495c",
        "rgb": {
          "r": 71,
          "g": 73,
          "b": 92
        },
        "hsl": {
          "h": 234.2857142857143,
          "s": 0.12883435582822084,
          "l": 0.3196078431372549
        },
        "accent": false
      },
      "surface1": {
        "name": "Surface 1",
        "order": 21,
        "hex": "#58596d",
        "rgb": {
          "r": 88,
          "g": 89,
          "b": 109
        },
        "hsl": {
          "h": 237.14285714285714,
          "s": 0.10659898477157359,
          "l": 0.38627450980392153
        },
        "accent": false
      },
      "surface2": {
        "name": "Surface 2",
        "order": 20,
        "hex": "#686a7f",
        "rgb": {
          "r": 104,
          "g": 106,
          "b": 127
        },
        "hsl": {
          "h": 234.78260869565213,
          "s": 0.09956709956709958,
          "l": 0.45294117647058824
        },
        "accent": false
      },
      "overlay0": {
        "name": "Overlay 0",
        "order": 19,
        "hex": "#7a7b91",