{
  "macchiato": {
    "name": "Macchiato",
    "emoji": "🌺",
    "order": 2,
    "dark": true,
    "colors": {
      "rosewater": {
        "name": "Rosewater",
        "order": 0,
        "hex": "#f0dadb",
        "rgb": {
          "r": 240,
          "g": 218,
          "b": 219
        },
        "hsl": {
          "h": 357.27272727272725,
          "s": 0.4230769230769231,
          "l": 0.8980392156862744
        },
        "accent": true
      },
      "flamingo": {
        "name": "Flamingo",
        "order": 1,
        "hex": "#edb4b8",
        "rgb": {
          "r": 237,
          "g": 180,
          "b": 184
        },
        "hsl": {
          "h": 355.7894736842105,
          "s": 0.6129032258064517,
          "l": 0.8176470588235294
        },
        "accent": true
      },
      "pink": {
        "name": "Pink",
        "order": 2,
        "hex": "#e5b4c4",
        "rgb": {
          "r": 229,
          "g": 180,
          "b": 196
        },
        "hsl": {
          "h": 340.4081632653061,
          "s": 0.4851485148514851,
          "l": 0.8019607843137255
        },
        "accent": true
      },
      "mauve": {
        "name": "Mauve",
        "order": 3,
        "hex": "#7462aa",
        "rgb": {
          "r": 116,
          "g": 98,
          "b": 170
        },
        "hsl": {
          "h": 255.0,
          "s": 0.2975206611570247,
          "l": 0.5254901960784314
        },
        "accent": true
      },
      "red": {
        "name": "Red",
        "order": 4,
        "hex": "#c94049",
        "rgb": {
          "r": 201,
          "g": 64,
          "b": 73
        },
        "hsl": {
          "h": 356.05839416058393,
          "s": 0.5591836734693877,
          "l": 0.5196078431372548
        },
        "accent": true
      },
      "maroon": {
        "name": "Maroon",
        "order": 5,
        "hex": "#ad3139",
        "rgb": {
          "r": 173,
          "g": 49,
          "b": 57
        },
        "hsl": {
          "h": 356.1290322580645,
          "s": 0.5585585585585586,
          "l": 0.43529411764705883
        },
        "accent": true
      },
      "peach": {
        "name": "Peach",
        "order": 6,
        "hex": "#de9657",
        "rgb": {
          "r": 222,
          "g": 150,
          "b": 87
        },
        "hsl": {
          "h": 28.0,
          "s": 0.6716417910447762,
          "l": 0.6058823529411765
        },
        "accent": true
      },
      "yellow": {
        "name": "Yellow",
        "order": 7,
        "hex": "#dbd756",
        "rgb": {
          "r": 219,
          "g": 215,
          "b": 86
        },
        "hsl": {
          "h": 58.195488721804516,
          "s": 0.6487804878048781,
          "l": 0.5980392156862745
        },
        "accent": true
      },
      "green": {
        "name": "Green",
        "order": 8,
        "hex": "#84bc8c",
        "rgb": {
          "r": 132,
          "g": 188,
          "b": 140
        },
        "hsl": {
          "h": 128.57142857142858,
          "s": 0.2947368421052632,
          "l": 0.6274509803921569
        },
        "accent": true
      },
      "teal": {
        "name": "Teal",
        "order": 9,
        "hex": "#9dc6b9",
        "rgb": {
          "r": 157,
          "g": 198,
          "b": 185
        },
        "hsl": {
          "h": 160.97560975609753,
          "s": 0.264516129032258,
          "l": 0.696078431372549
        },
        "accent": true
      },
      "sky": {
        "name": "Sky",
        "order": 10,
        "hex": "#cadde7",
        "rgb": {
          "r": 202,
          "g": 221,
          "b": 231
        },
        "hsl": {
          "h": 200.68965517241378,
          "s": 0.3766233766233766,
          "l": 0.8490196078431372
        },
        "accent": true
      },
      "sapphire": {
        "name": "Sapphire",
        "order": 11,
        "hex": "#649fbf",
        "rgb": {
          "r": 100,
          "g": 159,
          "b": 191
        },
        "hsl": {
          "h": 201.09890109890105,
          "s": 0.4155251141552511,
          "l": 0.5705882352941176
        },
        "accent": true
      },
      "blue": {
        "name": "Blue",
        "order": 12,
        "hex": "#7fadc5",
        "rgb": {
          "r": 127,
          "g": 173,
          "b": 197
        },
        "hsl": {
          "h": 200.57142857142853,
          "s": 0.3763440860215054,
          "l": 0.6352941176470588
        },
        "accent": true
      },
      "lavender": {
        "name": "Lavender",
        "order": 13,
        "hex": "#a9b0d4",
        "rgb": {
          "r": 169,
          "g": 176,
          "b": 212
        },
        "hsl": {
          "h": 230.23255813953486,
          "s": 0.33333333333333354,
          "l": 0.7470588235294118
        },
        "accent": true
      },
      "text": {
        "name": "Text",
        "order": 14,
        "hex": "#ece0d8",
        "rgb": {
          "r": 236,
          "g": 224,
          "b": 216
        },
        "hsl": {
          "h": 23.99999999999998,
          "s": 0.34482758620689685,
          "l": 0.8862745098039215
        },
        "accent": false
      },
      "subtext1": {
        "name": "Subtext 1",
        "order": 15,
        "hex": "#d1cecb",
        "rgb": {
          "r": 209,
          "g": 206,
          "b": 203
        },
        "hsl": {
          "h": 30.00000000000014,
          "s": 0.06122448979591843,
          "l": 0.807843137254902
        },
        "accent": false
      },
      "subtext0": {
        "name": "Subtext 0",
        "order": 16,
        "hex": "#bababa",
        "rgb": {
          "r": 186,
          "g": 186,
          "b": 186
        },
        "hsl": {
          "h": 0.0,
          "s": 0.0,
          "l": 0.7294117647058823
        },
        "accent": false
      },
      "base": {
        "name": "Base",
        "order": 23,
        "hex": "#202024",
        "rgb": {
          "r": 32,
          "g": 32,
          "b": 36
        },
        "hsl": {
          "h": 240.0,
          "s": 0.058823529411764705,
          "l": 0.13333333333333333
        },
        "accent": false
      },
      "mantle": {
        "name": "Mantle",
        "order": 24,
        "hex": "#19181b",
        "rgb": {
          "r": 25,
          "g": 24,
          "b": 27
        },
        "hsl": {
          "h": 260.0,
          "s": 0.058823529411764705,
          "l": 0.1
        },
        "accent": false
      },
      "crust": {
        "name": "Crust",
        "order": 25,
        "hex": "#121113",
        "rgb": {
          "r": 18,
          "g": 17,
          "b": 19
        },
        "hsl": {
          "h": 270.0,
          "s": 0.05555555555555555,
          "l": 0.07058823529411765
        },
        "accent": false
      },
      "surface0": {
        "name": "Surface 0",
        "order": 22,
        "hex": "#353537",
        "rgb": {
          "r": 53,
          "g": 53,
          "b": 55
        },
        "hsl": {
          "h": 240.0,
          "s": 0.018518518518518517,
          "l": 0.21176470588235297
        },
        "accent": false
      },
      "surface1": {
        "name": "Surface 1",
        "order": 21,
        "hex": "#4a4a4a",
        "rgb": {
          "r": 74,
          "g": 74,
          "b": 74
        },
        "hsl": {
          "h": 0.0,
          "s": 0.0,
          "l": 0.2901960784313726
        },
        "accent": false
      },
      "surface2": {
        "name": "Surface 2",
        "order": 20,
        "hex": "#5c5c5c",
        "rgb": {
          "r": 92,
          "g": 92,
          "b": 92
        },
        "hsl": {
          "h": 0.0,
          "s": 0.0,
          "l": 0.3607843137254902
        },
        "accent": false
      },
      "overlay0": {
        "name": "Overlay 0",
        "order": 19,
        "hex": "#717171",
        "rgb": {
          "r": 113,
          "g": 113,
          "b": 113
        },
        "hsl": {
          "h": 0.0,